ID	Name	Designator	Footprint	Quantity	Manufacturer Part	Manufacturer	Supplier	Supplier Part	Price
"1"	"1uF"	"C1_VDD1,C1_VDD2"	"CAP-TH_BD5.0-P2.00-D0.8-FD"	"2"	"50PK1MEFC5X11"	"Rubycon(红宝石)"	"LCSC"	"C88813"	"0.021"
"2"	"10uF"	"CIN_1,CIN_5"	"CAP-TH_BD5.0-P5.00-D1.0-FD"	"2"	"50YK10MEFCTA5X11"	"Rubycon(红宝石)"	"LCSC"	"C400176"	"0.062"
"3"	"2510-2AW"	"ADCBI,ADCJUMP,ADCUNI,SUPPLY5_1,VREFOP,SUPPLY3"	"CONN-TH_2510-2A"	"6"	"2510-2A"	"CAX(创都)"	"LCSC"	"C722717"	"0.013"
"4"	"330pF"	"C1,C2"	"CAP-TH_L5.5-W3.2-P5.00-D0.5"	"2"	"N06B1B331KN0B0S0N0"	"STE(松田)"	"LCSC"	"C249149"	"0.02"
"5"	"100pF"	"C2_VDD1"	"CAP-TH_L7.5-W5.0-P5.00-D1.0"	"1"	"CC45SL3DD101JYVNA"	"TDK"	"LCSC"	"C342459"	"0.062"
"6"	"100nF"	"C2_VDD2,VIN_C"	"CAP-TH_L7.2-W2.5-P5.00-D0.5"	"2"	"B32529C1104J289"	"TDK"	"LCSC"	"C15523"	"0.101"
"7"	"3.3kΩ"	"R1,R2,R3,R4"	"RES-TH_BD2.2-L6.5-P10.50-D0.6"	"4"	"MFR0W4F3301A50"	"UNI-ROYAL(厚声)"	"LCSC"	"C58610"	"0.013"
"8"	"24kΩ"	"RSENSE"	"RES-TH_BD2.2-L6.5-P10.50-D0.6"	"1"	"MFR0W4F2402A50"	"UNI-ROYAL(厚声)"	"LCSC"	"C58660"	"0.012"
"9"	"665kΩ"	"RX1"	"RES-TH_BD2.4-L6.3-P10.30-D0.6"	"1"	"MFR-25FTE52-665K"	"YAGEO(国巨)"	"LCSC"	"C1370989"	"0.011"
"10"	"KF7.62-2P"	"U1"	"CONN-TH_KF7.62-2P"	"1"	"KF7.62-2P"	"KEFA(科发)"	"LCSC"	"C707824"	"0.125"
"11"	"AMC1311BDWVR"	"U2"	"SOIC-8_L7.5-W5.9-P1.27-LS11.5-BL"	"1"	"AMC1311BDWVR"	"TI(德州仪器)"	"LCSC"	"C783598"	"2.03"
"12"	"B0503S-2WR3_C5369472"	"U3"	"SIP-4_L19.5-W7.0-P2.54-L"	"1"	"B0503S-2WR3"	"YLPTEC(易川)"	"LCSC"	"C5369472"	"1.677"
"13"	"TLV9001IDCKR"	"U4"	"SC-70-5_L2.0-W1.3-P0.65-LS2.1-BL"	"1"	"TLV9001IDCKR"	"TI(德州仪器)"	"LCSC"	"C398362"	"0.171"
"14"	"100nF"	"VCC_IN"	"CAP-TH_L8.5-W5.0-P5.00-D1.2"	"1"	"CT4-1206B104K251F3"	"FH(风华)"	"LCSC"	"C93117"	"0.122"
